{
    "anisotropy_enable_": true,
    "atmosphere_render_init_parameters_": {
        "aerial_perspective_lut_depth": 64,
        "aerial_perspective_lut_dither_sample_point_enable": false,
        "moon_shadow_enable": false,
        "pcss_enable": false,
        "raymarching_dither_sample_point_enable": true,
        "sky_view_lut_dither_sample_point_enable": false,
        "use_aerial_perspective_lut": true,
        "use_sky_view_lut": true,
        "volumetric_light_enable": false
    },
    "atmosphere_render_parameters_": {
        "aerial_perspective_lut_max_distance": 174.0,
        "aerial_perspective_lut_steps": 50.867000579833984,
        "raymarching_steps": 40.0,
        "sky_view_lut_steps": 40.0,
        "star_luminance_scale": 0.004999999888241291,
        "sun_direction_phi": 26.10300064086914,
        "sun_direction_theta": 89.18399810791016
    },
    "camera_": {
        "aspect_": 1.7777777910232544,
        "fovy": 45.0,
        "front_": [
            0.8681378960609436,
            0.05500050634145737,
            0.493266224861145
        ],
        "pitch_": 3.1528854370117188,
        "position_": [
            -18.675079345703125,
            1.239556908607483,
            -6.5447611808776855
        ],
        "right_": [
            -0.4940139949321747,
            0.0,
            0.8694539666175842
        ],
        "up_": [
            -0.04782040789723396,
            0.998486340045929,
            -0.027171019464731216
        ],
        "yaw_": -7530.39501953125,
        "zFar": 50000.0,
        "zNear": 0.30000001192092896
    },
    "camera_speed_": 29.0,
    "draw_debug_textures_enable_": false,
    "draw_gui_enable_": true,
    "draw_help_enable_": true,
    "earth_": {
        "moon_status": {
            "direction_phi": 293.7690124511719,
            "direction_theta": 68.36799621582031,
            "distance": 38440.1015625,
            "radius": 1737.0
        },
        "parameters": {
            "bottom_radius": 6360.0,
            "ground_albedo": [
                0.4000000059604645,
                0.4000000059604645,
                0.4000000059604645
            ],
            "mie_absorption": [
                1.0,
                1.0,
                1.0
            ],
            "mie_absorption_scale": 0.0004440000047907233,
            "mie_exponential_distribution": 1.2000000476837158,
            "mie_phase_g": 0.800000011920929,
            "mie_scattering": [
                1.0,
                1.0,
                1.0
            ],
            "mie_scattering_scale": 0.07519999891519547,
            "multiscattering_mask": 1.0,
            "multiscattering_steps": 31.420000076293945,
            "ozone_absorption": [
                0.3455609977245331,
                1.0,
                0.04518900066614151
            ],
            "ozone_absorption_scale": 0.0018810000037774444,
            "ozone_center_altitude": 25.0,
            "ozone_width": 15.0,
            "rayleigh_exponential_distribution": 8.0,
            "rayleigh_scattering": [
                0.406862735748291,
                0.5753868818283081,
                1.0
            ],
            "rayleigh_scattering_scale": 0.0494999997317791,
            "solar_illuminance": [
                1.0,
                1.0,
                1.0
            ],
            "sun_angular_radius": 0.26669999957084656,
            "thickness": 60.0,
            "transmittance_steps": 40.0
        }
    },
    "full_screen_": true,
    "post_process_parameters_": {
        "bloom_filter_width": 0.029999999329447746,
        "bloom_intensity": 0.10000000149011612,
        "bloom_max_delta_luminance": 20.0,
        "bloom_min_luminance": 1.0,
        "dither_color_enable": true,
        "exposure": 10.0,
        "tone_mapping": "ACESToneMapping"
    },
    "smaa_option_": "SMAA_PRESET_HIGH",
    "volumetric_cloud_": {
        "bottom_altitude_": 4.169000148773193,
        "env_bottom_visibility": 0.3959999978542328,
        "env_color_": [
            1.0,
            1.0,
            1.0
        ],
        "env_color_scale_": 0.10000000149011612,
        "env_multiscattering_sigma_scale": 0.5,
        "env_sun_height_curve_exp": 0.8130000233650208,
        "material": {
            "type": "class VolumetricCloudDefaultMaterial0",
            "data": {
                "detail_param_": [
                    0.4000000059604645,
                    0.0
                ],
                "displacement_scale_": 1.0,
                "materail_common_": {
                    "cloud_map_.buffer.uDensity.base_frequency": 3,
                    "cloud_map_.buffer.uDensity.remap_max": 0.75,
                    "cloud_map_.buffer.uDensity.remap_min": 0.3499999940395355,
                    "cloud_map_.buffer.uDensity.seed": 0,
                    "cloud_map_.buffer.uHeight.base_frequency": 5,
                    "cloud_map_.buffer.uHeight.remap_max": 0.4000000059604645,
                    "cloud_map_.buffer.uHeight.remap_min": 0.800000011920929,
                    "cloud_map_.buffer.uHeight.seed": 0,
                    "cloud_map_.texture.repeat_size": 53.823001861572266,
                    "density_": 26.73699951171875,
                    "detail_.buffer.uPerlin.base_frequency": 7,
                    "detail_.buffer.uPerlin.remap_max": 1.0,
                    "detail_.buffer.uPerlin.remap_min": 0.23000000417232513,
                    "detail_.buffer.uPerlin.seed": 0,
                    "detail_.buffer.uWorley.base_frequency": 11,
                    "detail_.buffer.uWorley.remap_max": 0.0,
                    "detail_.buffer.uWorley.remap_min": 1.0,
                    "detail_.buffer.uWorley.seed": 0,
                    "detail_.texture.repeat_size": 5.334000110626221,
                    "detail_wind_magnify_": 1.559999942779541,
                    "displacement_.buffer.uPerlin.base_frequency": 6,
                    "displacement_.buffer.uPerlin.remap_max": 0.75,
                    "displacement_.buffer.uPerlin.remap_min": 0.25,
                    "displacement_.buffer.uPerlin.seed": 0,
                    "displacement_.texture.repeat_size": 3.513000011444092,
                    "lod_bias_": 2.75600004196167,
                    "minfilter2d_": "NEAREST_MIPMAP_NEAREST",
                    "minfilter3d_": "NEAREST_MIPMAP_NEAREST",
                    "minfilter_displacement_": "NEAREST_MIPMAP_NEAREST",
                    "wind_speed_": 0.0
                }
            }
        },
        "max_raymarch_distance_": 33.05799865722656,
        "max_raymarch_steps_": 143.4530029296875,
        "max_visible_distance_": 2573.0,
        "shadow_distance_": 2.0,
        "shadow_froxel_max_distance": 52.869998931884766,
        "shadow_map_max_distance": 51.6619987487793,
        "shadow_steps_": 5.0,
        "sun_illuminance_scale_": 1.0,
        "sun_multiscattering_sigma_scale": 0.30000001192092896,
        "thickness_": 2.3259999752044678
    },
    "vsync_enable_": false
}