{
    "anisotropy_enable_": true,
    "atmosphere_render_init_parameters_": {
        "aerial_perspective_lut_depth": 32,
        "aerial_perspective_lut_dither_sample_point_enable": false,
        "moon_shadow_enable": false,
        "pcss_enable": false,
        "raymarching_dither_sample_point_enable": true,
        "sky_view_lut_dither_sample_point_enable": false,
        "use_aerial_perspective_lut": true,
        "use_sky_view_lut": true,
        "volumetric_light_enable": false
    },
    "atmosphere_render_parameters_": {
        "aerial_perspective_lut_max_distance": 100.0,
        "aerial_perspective_lut_steps": 50.867000579833984,
        "raymarching_steps": 40.0,
        "sky_view_lut_steps": 40.0,
        "star_luminance_scale": 0.004999999888241291,
        "sun_direction_phi": 283.3420104980469,
        "sun_direction_theta": 63.16600036621094
    },
    "camera_": {
        "aspect_": 1.7777777910232544,
        "fovy": 45.0,
        "front_": [
            -0.3297393023967743,
            -0.017894906923174858,
            0.9439024329185486
        ],
        "pitch_": -1.025360107421875,
        "position_": [
            -6.7360100746154785,
            3.0344173908233643,
            -10.917244911193848
        ],
        "right_": [
            -0.9440535306930542,
            0.0,
            -0.3297920823097229
        ],
        "up_": [
            -0.005901599768549204,
            0.9998399615287781,
            0.016893751919269562
        ],
        "yaw_": -22930.744140625,
        "zFar": 50000.0,
        "zNear": 0.30000001192092896
    },
    "camera_speed_": 2.4000000953674316,
    "draw_debug_textures_enable_": false,
    "draw_gui_enable_": true,
    "draw_help_enable_": true,
    "earth_": {
        "moon_status": {
            "direction_phi": 150.0,
            "direction_theta": 70.0,
            "distance": 38440.1015625,
            "radius": 1737.0
        },
        "parameters": {
            "bottom_radius": 6360.0,
            "ground_albedo": [
                0.4000000059604645,
                0.4000000059604645,
                0.4000000059604645
            ],
            "mie_absorption": [
                1.0,
                1.0,
                1.0
            ],
            "mie_absorption_scale": 0.0004440000047907233,
            "mie_exponential_distribution": 1.2000000476837158,
            "mie_phase_g": 0.800000011920929,
            "mie_scattering": [
                1.0,
                1.0,
                1.0
            ],
            "mie_scattering_scale": 0.003996000159531832,
            "multiscattering_mask": 1.0,
            "multiscattering_steps": 30.0,
            "ozone_absorption": [
                0.3455609977245331,
                1.0,
                0.04518900066614151
            ],
            "ozone_absorption_scale": 0.0018810000037774444,
            "ozone_center_altitude": 25.0,
            "ozone_width": 15.0,
            "rayleigh_exponential_distribution": 8.0,
            "rayleigh_scattering": [
                0.17528699338436127,
                0.4096069931983948,
                1.0
            ],
            "rayleigh_scattering_scale": 0.03310000151395798,
            "solar_illuminance": [
                1.0,
                1.0,
                1.0
            ],
            "sun_angular_radius": 0.26669999957084656,
            "thickness": 60.0,
            "transmittance_steps": 40.0
        }
    },
    "full_screen_": false,
    "post_process_parameters_": {
        "bloom_filter_width": 0.0729999989271164,
        "bloom_intensity": 0.0,
        "bloom_max_delta_luminance": 30.07900047302246,
        "bloom_min_luminance": 1.3140000104904175,
        "dither_color_enable": true,
        "exposure": 2.9649999141693115,
        "tone_mapping": "ACESToneMapping"
    },
    "smaa_option_": "SMAA_PRESET_HIGH",
    "volumetric_cloud_": {
        "bottom_altitude_": 1.6759999990463257,
        "env_color_": [
            0.6372548937797546,
            0.7652825117111206,
            1.0
        ],
        "env_color_scale_": 0.2750000059604645,
        "env_multiscattering_sigma_scale": 0.5,
        "material": {
            "type": "class VolumetricCloudVoxelMaterial",
            "data": {
                "base_": [
                    -1.3459999561309814,
                    -5.250999927520752
                ],
                "density_": 100.0,
                "lod_bias_": -0.38499999046325684,
                "width_": [
                    6.918000221252441,
                    6.558000087738037
                ]
            }
        },
        "max_raymarch_distance_": 11.050999641418457,
        "max_raymarch_steps_": 256.0,
        "max_visible_distance_": 2573.0,
        "shadow_distance_": 2.0,
        "shadow_froxel_max_distance": 30.63599967956543,
        "shadow_map_max_distance": 48.26599884033203,
        "shadow_steps_": 5.0,
        "sun_illuminance_scale_": 1.0,
        "sun_multiscattering_sigma_scale": 0.30000001192092896,
        "thickness_": 3.3959999084472656
    },
    "vsync_enable_": false
}